script,cmd,real_mean,real_std,user_mean,user_std,sys_mean,sys_std,cpu_mean,cpu_std,rss_mean,rss_std,majflt_mean,majflt_std,minflt_mean,minflt_std,vcsw_mean,vcsw_std,ivcsw_mean,ivcsw_std
output.awk,awk,2.388,0.034928,1.994,0.063482,0.384,0.040373,99.2,0.447214,3.978125,0.037222,0,0.0,209,1.224745,1,0.0,9,3.082207
output.awk,goawk,37.776,0.136858,22.208,0.184445,16.806,0.237023,103.0,0.0,9.251563,0.143594,0,0.0,13797.4,1407.818632,72182.6,609.933849,253.4,49.692052
output.awk,nawk,11.376,0.185553,11.0,0.216217,0.368,0.059749,99.0,0.0,2.185938,0.063625,0,0.0,105,1.224745,1,0.0,45.6,6.94982
output.awk,mawk,3.092,0.033466,2.688,0.068702,0.398,0.034205,99.0,0.0,2.215625,0.069516,0,0.0,117.6,1.140175,1,0.0,17.4,8.049845
output.awk,frawk,2.938,0.082885,2.704,0.076681,0.278,0.013038,101.0,0.0,12.432813,0.081068,0,0.0,844.4,0.894427,1291.6,2.073644,15.4,2.880972
output.awk,frawk -p 5,1.174,0.08735,3.514,0.243988,0.776,0.037815,363.8,6.534524,102.954688,4.098498,0,0.0,53415,3.872983,382,10.816654,28,5.522681
output.awk,frawk -p 10,0.982,0.016432,4.534,0.084735,0.924,0.018166,554.0,12.469964,140.188281,7.608642,0,0.0,61829.8,14.096099,615.2,61.275607,421.6,10.667708
