script,cmd,real_mean,real_std,user_mean,user_std,sys_mean,sys_std,cpu_mean,cpu_std,rss_mean,rss_std,majflt_mean,majflt_std,minflt_mean,minflt_std,vcsw_mean,vcsw_std,ivcsw_mean,ivcsw_std
output.awk,awk,0.69,0.0,0.576,0.020736,0.108,0.023875,99.4,0.547723,3.959375,0.030584,0,0.0,209.2,1.923538,1,0.0,4,2.915476
output.awk,goawk,11.328,0.032711,6.706,0.158051,4.982,0.175841,103.0,0.0,9.298438,0.202629,0,0.0,4532.2,820.595333,21242,427.081959,71.6,12.25969
output.awk,nawk,3.39,0.014142,3.264,0.019494,0.118,0.017889,99.2,0.447214,2.191406,0.045805,0,0.0,104,1.224745,1,0.0,18.6,16.622274
output.awk,mawk,0.938,0.013038,0.824,0.023022,0.11,0.027386,99.4,0.547723,2.160156,0.051749,0,0.0,118.2,1.30384,1,0.0,4,1.0
output.awk,frawk,0.868,0.010954,0.792,0.021679,0.086,0.021909,101.0,0.0,12.392188,0.156752,0,0.0,844.6,2.792848,391.2,1.643168,5.2,1.923538
output.awk,frawk -p 5,0.33,0.012247,1.028,0.0249,0.198,0.016432,365.0,7.681146,49.560938,1.666183,0,0.0,14964,4.84768,197.4,8.502941,12,5.700877
output.awk,frawk -p 10,0.274,0.008944,1.354,0.032094,0.242,0.035637,579.8,14.989997,49.127344,1.570916,0,0.0,15634.2,18.390215,366.8,25.587106,119.4,21.255588
